Address,Ticket_Numb
21o3boLec9QyUhwLEJECE97bK4i5pza8CpxpRBcYEAAp,ticket#0
21o3boLec9QyUhwLEJECE97bK4i5pza8CpxpRBcYEAAp,ticket#1
21o3boLec9QyUhwLEJECE97bK4i5pza8CpxpRBcYEAAp,ticket#2
21o3boLec9QyUhwLEJECE97bK4i5pza8CpxpRBcYEAAp,ticket#3
21o3boLec9QyUhwLEJECE97bK4i5pza8CpxpRBcYEAAp,ticket#4
21o3boLec9QyUhwLEJECE97bK4i5pza8CpxpRBcYEAAp,ticket#5
21o3boLec9QyUhwLEJECE97bK4i5pza8CpxpRBcYEAAp,ticket#6
21o3boLec9QyUhwLEJECE97bK4i5pza8CpxpRBcYEAAp,ticket#7
21o3boLec9QyUhwLEJECE97bK4i5pza8CpxpRBcYEAAp,ticket#8
21o3boLec9QyUhwLEJECE97bK4i5pza8CpxpRBcYEAAp,ticket#9
21o3boLec9QyUhwLEJECE97bK4i5pza8CpxpRBcYEAAp,ticket#10
21o3boLec9QyUhwLEJECE97bK4i5pza8CpxpRBcYEAAp,ticket#11
21o3boLec9QyUhwLEJECE97bK4i5pza8CpxpRBcYEAAp,ticket#12
21o3boLec9QyUhwLEJECE97bK4i5pza8CpxpRBcYEAAp,ticket#13
21o3boLec9QyUhwLEJECE97bK4i5pza8CpxpRBcYEAAp,ticket#14
21o3boLec9QyUhwLEJECE97bK4i5pza8CpxpRBcYEAAp,ticket#15
21o3boLec9QyUhwLEJECE97bK4i5pza8CpxpRBcYEAAp,ticket#16
21o3boLec9QyUhwLEJECE97bK4i5pza8CpxpRBcYEAAp,ticket#17
21o3boLec9QyUhwLEJECE97bK4i5pza8CpxpRBcYEAAp,ticket#18
21o3boLec9QyUhwLEJECE97bK4i5pza8CpxpRBcYEAAp,ticket#19
21o3boLec9QyUhwLEJECE97bK4i5pza8CpxpRBcYEAAp,ticket#20
21o3boLec9QyUhwLEJECE97bK4i5pza8CpxpRBcYEAAp,ticket#21
21o3boLec9QyUhwLEJECE97bK4i5pza8CpxpRBcYEAAp,ticket#22
21o3boLec9QyUhwLEJECE97bK4i5pza8CpxpRBcYEAAp,ticket#23
21o3boLec9QyUhwLEJECE97bK4i5pza8CpxpRBcYEAAp,ticket#24
21o3boLec9QyUhwLEJECE97bK4i5pza8CpxpRBcYEAAp,ticket#25
21o3boLec9QyUhwLEJECE97bK4i5pza8CpxpRBcYEAAp,ticket#26
21o3boLec9QyUhwLEJECE97bK4i5pza8CpxpRBcYEAAp,ticket#27
21o3boLec9QyUhwLEJECE97bK4i5pza8CpxpRBcYEAAp,ticket#28
21o3boLec9QyUhwLEJECE97bK4i5pza8CpxpRBcYEAAp,ticket#29
21o3boLec9QyUhwLEJECE97bK4i5pza8CpxpRBcYEAAp,ticket#30
21o3boLec9QyUhwLEJECE97bK4i5pza8CpxpRBcYEAAp,ticket#31
21o3boLec9QyUhwLEJECE97bK4i5pza8CpxpRBcYEAAp,ticket#32
21o3boLec9QyUhwLEJECE97bK4i5pza8CpxpRBcYEAAp,ticket#33
29ApfHaSjFFwVWRwQ2prUsLX7zx5ePdDAAYfZcNq4WsB,ticket#34
29hG1a6Lkv4cm6s6XTLrz5uMNYxK3ruwN8aEZtqxBWzf,ticket#35
2EvFaj53iALdHrGyDwT7dUVmDyewULhKnacjvDqVaGJ1,ticket#36
2KbbwkjNMVzV1YWLbjgPRYPJxrMycZFmzAdNGWXJYunn,ticket#37
2KbbwkjNMVzV1YWLbjgPRYPJxrMycZFmzAdNGWXJYunn,ticket#38
2KbbwkjNMVzV1YWLbjgPRYPJxrMycZFmzAdNGWXJYunn,ticket#39
2KbbwkjNMVzV1YWLbjgPRYPJxrMycZFmzAdNGWXJYunn,ticket#40
2KbbwkjNMVzV1YWLbjgPRYPJxrMycZFmzAdNGWXJYunn,ticket#41
2KbbwkjNMVzV1YWLbjgPRYPJxrMycZFmzAdNGWXJYunn,ticket#42
2KbbwkjNMVzV1YWLbjgPRYPJxrMycZFmzAdNGWXJYunn,ticket#43
2KbbwkjNMVzV1YWLbjgPRYPJxrMycZFmzAdNGWXJYunn,ticket#44
2KbbwkjNMVzV1YWLbjgPRYPJxrMycZFmzAdNGWXJYunn,ticket#45
2KbbwkjNMVzV1YWLbjgPRYPJxrMycZFmzAdNGWXJYunn,ticket#46
2P3XqTvy54WBwkJViFknoPWb7KHtWgU1NRgZ9DmenHyi,ticket#47
2P3XqTvy54WBwkJViFknoPWb7KHtWgU1NRgZ9DmenHyi,ticket#48
2gyy7K7YuyX5UWjbux8tXDWbW5SnY4vorwmXfdoohSkG,ticket#49
3V5NuUhFwVRE3KdADGoJV4egQvsocmFHjjgXaQZVNkdA,ticket#50
3pTQFKAfdT2HxeSBAGDr8uQfNAw5e6vxXouXDB6P5cJ6,ticket#51
3rnomSVTkKavunMuQwF9SN9375pQEHfsWUzXmojQ9ebi,ticket#52
3rnomSVTkKavunMuQwF9SN9375pQEHfsWUzXmojQ9ebi,ticket#53
49SpiHceDFdLZG5LnzS1EfyhEoC9gFmPP4ZbnsBTGRSH,ticket#54
49SpiHceDFdLZG5LnzS1EfyhEoC9gFmPP4ZbnsBTGRSH,ticket#55
49SpiHceDFdLZG5LnzS1EfyhEoC9gFmPP4ZbnsBTGRSH,ticket#56
49SpiHceDFdLZG5LnzS1EfyhEoC9gFmPP4ZbnsBTGRSH,ticket#57
49SpiHceDFdLZG5LnzS1EfyhEoC9gFmPP4ZbnsBTGRSH,ticket#58
49SpiHceDFdLZG5LnzS1EfyhEoC9gFmPP4ZbnsBTGRSH,ticket#59
49aXvvKYjzutbkTE3zoiUtfdgmnroQELx8zKeHLLqeyR,ticket#60
4Cc5DqRtV9wcmPJ3keWjd68wjhDAWYvVTB1gsUiPVqmB,ticket#61
4EWwg13pBvE5xu7WReBASRBdSxUPZufUv1Gjx9tkyLig,ticket#62
4EWwg13pBvE5xu7WReBASRBdSxUPZufUv1Gjx9tkyLig,ticket#63
4EWwg13pBvE5xu7WReBASRBdSxUPZufUv1Gjx9tkyLig,ticket#64
4EWwg13pBvE5xu7WReBASRBdSxUPZufUv1Gjx9tkyLig,ticket#65
4EWwg13pBvE5xu7WReBASRBdSxUPZufUv1Gjx9tkyLig,ticket#66
4EWwg13pBvE5xu7WReBASRBdSxUPZufUv1Gjx9tkyLig,ticket#67
4EWwg13pBvE5xu7WReBASRBdSxUPZufUv1Gjx9tkyLig,ticket#68
4EWwg13pBvE5xu7WReBASRBdSxUPZufUv1Gjx9tkyLig,ticket#69
4EWwg13pBvE5xu7WReBASRBdSxUPZufUv1Gjx9tkyLig,ticket#70
4EWwg13pBvE5xu7WReBASRBdSxUPZufUv1Gjx9tkyLig,ticket#71
4EWwg13pBvE5xu7WReBASRBdSxUPZufUv1Gjx9tkyLig,ticket#72
4EWwg13pBvE5xu7WReBASRBdSxUPZufUv1Gjx9tkyLig,ticket#73
4EWwg13pBvE5xu7WReBASRBdSxUPZufUv1Gjx9tkyLig,ticket#74
4EWwg13pBvE5xu7WReBASRBdSxUPZufUv1Gjx9tkyLig,ticket#75
4EWwg13pBvE5xu7WReBASRBdSxUPZufUv1Gjx9tkyLig,ticket#76
4EWwg13pBvE5xu7WReBASRBdSxUPZufUv1Gjx9tkyLig,ticket#77
4EWwg13pBvE5xu7WReBASRBdSxUPZufUv1Gjx9tkyLig,ticket#78
4EWwg13pBvE5xu7WReBASRBdSxUPZufUv1Gjx9tkyLig,ticket#79
4EWwg13pBvE5xu7WReBASRBdSxUPZufUv1Gjx9tkyLig,ticket#80
4EWwg13pBvE5xu7WReBASRBdSxUPZufUv1Gjx9tkyLig,ticket#81
4EWwg13pBvE5xu7WReBASRBdSxUPZufUv1Gjx9tkyLig,ticket#82
4EWwg13pBvE5xu7WReBASRBdSxUPZufUv1Gjx9tkyLig,ticket#83
4EWwg13pBvE5xu7WReBASRBdSxUPZufUv1Gjx9tkyLig,ticket#84
4EWwg13pBvE5xu7WReBASRBdSxUPZufUv1Gjx9tkyLig,ticket#85
4EWwg13pBvE5xu7WReBASRBdSxUPZufUv1Gjx9tkyLig,ticket#86
4EWwg13pBvE5xu7WReBASRBdSxUPZufUv1Gjx9tkyLig,ticket#87
4EWwg13pBvE5xu7WReBASRBdSxUPZufUv1Gjx9tkyLig,ticket#88
4SDycpEMQ1SdNBfgNWXVJUqLp8XLZLWMdcupJudXYA4K,ticket#89
4SDycpEMQ1SdNBfgNWXVJUqLp8XLZLWMdcupJudXYA4K,ticket#90
4gGVmHyo9RY9WwDx3E1ByUf1xLWetn2Gqhq557aTqn6X,ticket#91
4gGVmHyo9RY9WwDx3E1ByUf1xLWetn2Gqhq557aTqn6X,ticket#92
4gGVmHyo9RY9WwDx3E1ByUf1xLWetn2Gqhq557aTqn6X,ticket#93
4gGVmHyo9RY9WwDx3E1ByUf1xLWetn2Gqhq557aTqn6X,ticket#94
4gGVmHyo9RY9WwDx3E1ByUf1xLWetn2Gqhq557aTqn6X,ticket#95
4gGVmHyo9RY9WwDx3E1ByUf1xLWetn2Gqhq557aTqn6X,ticket#96
4j5RXmbPizEhzs2gMhoyYPH7j8nSzc2V6SvTb1MU2xHu,ticket#97
4j5RXmbPizEhzs2gMhoyYPH7j8nSzc2V6SvTb1MU2xHu,ticket#98
4j5RXmbPizEhzs2gMhoyYPH7j8nSzc2V6SvTb1MU2xHu,ticket#99
4vsmUyKtqyftws2QUmYPc9eevcZ7FdSWTbuX8qa2Xk1H,ticket#100
52Vnb2AFBeFXTEtSmjLVzgNGtUW6jAHAjofRcCRbExvt,ticket#101
53G56pVYiYnFxV4BhHEvbXZdS93GZ1XuLCQbLMeufKwK,ticket#102
53G56pVYiYnFxV4BhHEvbXZdS93GZ1XuLCQbLMeufKwK,ticket#103
53G56pVYiYnFxV4BhHEvbXZdS93GZ1XuLCQbLMeufKwK,ticket#104
53G56pVYiYnFxV4BhHEvbXZdS93GZ1XuLCQbLMeufKwK,ticket#105
53G56pVYiYnFxV4BhHEvbXZdS93GZ1XuLCQbLMeufKwK,ticket#106
53G56pVYiYnFxV4BhHEvbXZdS93GZ1XuLCQbLMeufKwK,ticket#107
53G56pVYiYnFxV4BhHEvbXZdS93GZ1XuLCQbLMeufKwK,ticket#108
53G56pVYiYnFxV4BhHEvbXZdS93GZ1XuLCQbLMeufKwK,ticket#109
53G56pVYiYnFxV4BhHEvbXZdS93GZ1XuLCQbLMeufKwK,ticket#110
53G56pVYiYnFxV4BhHEvbXZdS93GZ1XuLCQbLMeufKwK,ticket#111
53G56pVYiYnFxV4BhHEvbXZdS93GZ1XuLCQbLMeufKwK,ticket#112
5TCgMnW67ByA8SoJFyF5h2A7Ho9f17qvek62nUJNS63Q,ticket#113
5eq8JYfMjLJ9PqmWkTZEzBbxTRu7JaW3QCRFB5LUqvxk,ticket#114
5eq8JYfMjLJ9PqmWkTZEzBbxTRu7JaW3QCRFB5LUqvxk,ticket#115
5eq8JYfMjLJ9PqmWkTZEzBbxTRu7JaW3QCRFB5LUqvxk,ticket#116
5eq8JYfMjLJ9PqmWkTZEzBbxTRu7JaW3QCRFB5LUqvxk,ticket#117
5eq8JYfMjLJ9PqmWkTZEzBbxTRu7JaW3QCRFB5LUqvxk,ticket#118
5eq8JYfMjLJ9PqmWkTZEzBbxTRu7JaW3QCRFB5LUqvxk,ticket#119
5eq8JYfMjLJ9PqmWkTZEzBbxTRu7JaW3QCRFB5LUqvxk,ticket#120
61sGQH61zmxgcgZWXV9AkstqNeNQCDwn8UnJduj8saap,ticket#121
6SPV28MSxpLFiT9aXdp6SBXNjLTCE6aciYDfuFZCN4Kx,ticket#122
6Y9qwEuonStaxR6hpocgyA1RjtEviLhKctkiDimcfswE,ticket#123
6Y9qwEuonStaxR6hpocgyA1RjtEviLhKctkiDimcfswE,ticket#124
6YVeo3Cv5SBZiGxmeNxSKymYPzn9rxjuZGvrJgVDL9Mw,ticket#125
6mjNhdzAEbMhb4g6YAteGr3SE8V5pyDL9WheUmntUsdz,ticket#126
6mjNhdzAEbMhb4g6YAteGr3SE8V5pyDL9WheUmntUsdz,ticket#127
6mjNhdzAEbMhb4g6YAteGr3SE8V5pyDL9WheUmntUsdz,ticket#128
7GkQPFQrnJ1NMdEntj7p3v7iubfvYH4CrR5V8dBfmFrf,ticket#129
7KM3NYxkSWSs5pnNscm6UEuE54QoFYN3YUbD5mLFHvL9,ticket#130
7NZfruFNLLDe6B9JEKPrQHBndB2wkfXs2pL2zEKadv7k,ticket#131
7NZfruFNLLDe6B9JEKPrQHBndB2wkfXs2pL2zEKadv7k,ticket#132
7NZfruFNLLDe6B9JEKPrQHBndB2wkfXs2pL2zEKadv7k,ticket#133
7NZfruFNLLDe6B9JEKPrQHBndB2wkfXs2pL2zEKadv7k,ticket#134
7NZfruFNLLDe6B9JEKPrQHBndB2wkfXs2pL2zEKadv7k,ticket#135
7NZfruFNLLDe6B9JEKPrQHBndB2wkfXs2pL2zEKadv7k,ticket#136
7NZfruFNLLDe6B9JEKPrQHBndB2wkfXs2pL2zEKadv7k,ticket#137
7NZfruFNLLDe6B9JEKPrQHBndB2wkfXs2pL2zEKadv7k,ticket#138
7NZfruFNLLDe6B9JEKPrQHBndB2wkfXs2pL2zEKadv7k,ticket#139
7NZfruFNLLDe6B9JEKPrQHBndB2wkfXs2pL2zEKadv7k,ticket#140
7NZfruFNLLDe6B9JEKPrQHBndB2wkfXs2pL2zEKadv7k,ticket#141
7NZfruFNLLDe6B9JEKPrQHBndB2wkfXs2pL2zEKadv7k,ticket#142
7NZfruFNLLDe6B9JEKPrQHBndB2wkfXs2pL2zEKadv7k,ticket#143
7NZfruFNLLDe6B9JEKPrQHBndB2wkfXs2pL2zEKadv7k,ticket#144
7NZfruFNLLDe6B9JEKPrQHBndB2wkfXs2pL2zEKadv7k,ticket#145
7NZfruFNLLDe6B9JEKPrQHBndB2wkfXs2pL2zEKadv7k,ticket#146
7NZfruFNLLDe6B9JEKPrQHBndB2wkfXs2pL2zEKadv7k,ticket#147
7NZfruFNLLDe6B9JEKPrQHBndB2wkfXs2pL2zEKadv7k,ticket#148
7NZfruFNLLDe6B9JEKPrQHBndB2wkfXs2pL2zEKadv7k,ticket#149
7Y4KjRon85F3x1WCF8GoHteMdtHB3iNf5CnEAd8eTPvU,ticket#150
7gg9BHPM7DBHbfUZygWmh1fk2emDPc1kPZNK6KWYv9Ho,ticket#151
7gg9BHPM7DBHbfUZygWmh1fk2emDPc1kPZNK6KWYv9Ho,ticket#152
7gg9BHPM7DBHbfUZygWmh1fk2emDPc1kPZNK6KWYv9Ho,ticket#153
7gg9BHPM7DBHbfUZygWmh1fk2emDPc1kPZNK6KWYv9Ho,ticket#154
7gg9BHPM7DBHbfUZygWmh1fk2emDPc1kPZNK6KWYv9Ho,ticket#155
7gg9BHPM7DBHbfUZygWmh1fk2emDPc1kPZNK6KWYv9Ho,ticket#156
7gg9BHPM7DBHbfUZygWmh1fk2emDPc1kPZNK6KWYv9Ho,ticket#157
7gg9BHPM7DBHbfUZygWmh1fk2emDPc1kPZNK6KWYv9Ho,ticket#158
7gg9BHPM7DBHbfUZygWmh1fk2emDPc1kPZNK6KWYv9Ho,ticket#159
7gg9BHPM7DBHbfUZygWmh1fk2emDPc1kPZNK6KWYv9Ho,ticket#160
7gg9BHPM7DBHbfUZygWmh1fk2emDPc1kPZNK6KWYv9Ho,ticket#161
7qeqyJhsWLN3XC28jqnraQsoeDvNQB83LnQg3w1fa5LS,ticket#162
7qeqyJhsWLN3XC28jqnraQsoeDvNQB83LnQg3w1fa5LS,ticket#163
7qeqyJhsWLN3XC28jqnraQsoeDvNQB83LnQg3w1fa5LS,ticket#164
7qeqyJhsWLN3XC28jqnraQsoeDvNQB83LnQg3w1fa5LS,ticket#165
7tamXEV7tnxfavXfFMvWQK1W1DWsHJLxKZsLj7XczWQC,ticket#166
7tamXEV7tnxfavXfFMvWQK1W1DWsHJLxKZsLj7XczWQC,ticket#167
7tamXEV7tnxfavXfFMvWQK1W1DWsHJLxKZsLj7XczWQC,ticket#168
7tamXEV7tnxfavXfFMvWQK1W1DWsHJLxKZsLj7XczWQC,ticket#169
7tamXEV7tnxfavXfFMvWQK1W1DWsHJLxKZsLj7XczWQC,ticket#170
7tamXEV7tnxfavXfFMvWQK1W1DWsHJLxKZsLj7XczWQC,ticket#171
7tamXEV7tnxfavXfFMvWQK1W1DWsHJLxKZsLj7XczWQC,ticket#172
7tamXEV7tnxfavXfFMvWQK1W1DWsHJLxKZsLj7XczWQC,ticket#173
7tamXEV7tnxfavXfFMvWQK1W1DWsHJLxKZsLj7XczWQC,ticket#174
7tamXEV7tnxfavXfFMvWQK1W1DWsHJLxKZsLj7XczWQC,ticket#175
8Zg8faKnVHoTzZYF8ZKNt5pa8FJF4pAEUfR9VU3Myucr,ticket#176
8iwiaUksbisofPaewqKMDhPbRvo3yWXffMXpE69fgWi2,ticket#177
8yX5RS5Q4adfPqSMMUgA8dtpif9MNsMkgfW4Km2KQYwc,ticket#178
8yX5RS5Q4adfPqSMMUgA8dtpif9MNsMkgfW4Km2KQYwc,ticket#179
8yX5RS5Q4adfPqSMMUgA8dtpif9MNsMkgfW4Km2KQYwc,ticket#180
8yX5RS5Q4adfPqSMMUgA8dtpif9MNsMkgfW4Km2KQYwc,ticket#181
9WMHbunfB3NbyfLX4SMDM881R2xw2sZ9B5RQWkJcYNBV,ticket#182
9WMHbunfB3NbyfLX4SMDM881R2xw2sZ9B5RQWkJcYNBV,ticket#183
9WMHbunfB3NbyfLX4SMDM881R2xw2sZ9B5RQWkJcYNBV,ticket#184
9YiLu54LPcS3GUUF8sGyy61hc4ztwg2muPm9PLYumhgM,ticket#185
9YiLu54LPcS3GUUF8sGyy61hc4ztwg2muPm9PLYumhgM,ticket#186
9YiLu54LPcS3GUUF8sGyy61hc4ztwg2muPm9PLYumhgM,ticket#187
9YiLu54LPcS3GUUF8sGyy61hc4ztwg2muPm9PLYumhgM,ticket#188
9xtrLnXA5rf8wmqmm5NDNHzFvaGpLQagGsj5n7SMXvRa,ticket#189
9xtrLnXA5rf8wmqmm5NDNHzFvaGpLQagGsj5n7SMXvRa,ticket#190
9xtrLnXA5rf8wmqmm5NDNHzFvaGpLQagGsj5n7SMXvRa,ticket#191
9xtrLnXA5rf8wmqmm5NDNHzFvaGpLQagGsj5n7SMXvRa,ticket#192
9xtrLnXA5rf8wmqmm5NDNHzFvaGpLQagGsj5n7SMXvRa,ticket#193
9xtrLnXA5rf8wmqmm5NDNHzFvaGpLQagGsj5n7SMXvRa,ticket#194
9xtrLnXA5rf8wmqmm5NDNHzFvaGpLQagGsj5n7SMXvRa,ticket#195
9xtrLnXA5rf8wmqmm5NDNHzFvaGpLQagGsj5n7SMXvRa,ticket#196
AkbANSKbAadCTn6R6AwTQHijau3VCHiW3mxuTHPgm2pZ,ticket#197
AkbANSKbAadCTn6R6AwTQHijau3VCHiW3mxuTHPgm2pZ,ticket#198
AkbANSKbAadCTn6R6AwTQHijau3VCHiW3mxuTHPgm2pZ,ticket#199
AkbANSKbAadCTn6R6AwTQHijau3VCHiW3mxuTHPgm2pZ,ticket#200
AkbANSKbAadCTn6R6AwTQHijau3VCHiW3mxuTHPgm2pZ,ticket#201
AkbANSKbAadCTn6R6AwTQHijau3VCHiW3mxuTHPgm2pZ,ticket#202
AkbANSKbAadCTn6R6AwTQHijau3VCHiW3mxuTHPgm2pZ,ticket#203
Amuz9ahYzXtq7xa1W9FcMefwWSq7S6hgmYKWFtkFHpQZ,ticket#204
Amuz9ahYzXtq7xa1W9FcMefwWSq7S6hgmYKWFtkFHpQZ,ticket#205
B4waD7WeVbhmwMFK652wNNpQ3LWutJpxi6GwAKFVXSES,ticket#206
B4waD7WeVbhmwMFK652wNNpQ3LWutJpxi6GwAKFVXSES,ticket#207
B4waD7WeVbhmwMFK652wNNpQ3LWutJpxi6GwAKFVXSES,ticket#208
B4waD7WeVbhmwMFK652wNNpQ3LWutJpxi6GwAKFVXSES,ticket#209
B4waD7WeVbhmwMFK652wNNpQ3LWutJpxi6GwAKFVXSES,ticket#210
B4waD7WeVbhmwMFK652wNNpQ3LWutJpxi6GwAKFVXSES,ticket#211
B4waD7WeVbhmwMFK652wNNpQ3LWutJpxi6GwAKFVXSES,ticket#212
B4waD7WeVbhmwMFK652wNNpQ3LWutJpxi6GwAKFVXSES,ticket#213
B4waD7WeVbhmwMFK652wNNpQ3LWutJpxi6GwAKFVXSES,ticket#214
BQkBpysMnYuEFVM5AKrSM7pqMnFzfGM5MFVRDfxAEUtb,ticket#215
BemhYECCXhT7oP92dAm7sgd4tjgWEZPtikaAcfacNSnv,ticket#216
BemhYECCXhT7oP92dAm7sgd4tjgWEZPtikaAcfacNSnv,ticket#217
BemhYECCXhT7oP92dAm7sgd4tjgWEZPtikaAcfacNSnv,ticket#218
BemhYECCXhT7oP92dAm7sgd4tjgWEZPtikaAcfacNSnv,ticket#219
BemhYECCXhT7oP92dAm7sgd4tjgWEZPtikaAcfacNSnv,ticket#220
BemhYECCXhT7oP92dAm7sgd4tjgWEZPtikaAcfacNSnv,ticket#221
BemhYECCXhT7oP92dAm7sgd4tjgWEZPtikaAcfacNSnv,ticket#222
BfiX9gHJcZWHET2ju3mwBPYqKX8hXUTWM23QX8rP13fQ,ticket#223
BfiX9gHJcZWHET2ju3mwBPYqKX8hXUTWM23QX8rP13fQ,ticket#224
Boqbhx2peTwHm3G9xaCgzovA8iCgNsNvu3R7FuTvMUwV,ticket#225
Boqbhx2peTwHm3G9xaCgzovA8iCgNsNvu3R7FuTvMUwV,ticket#226
Boqbhx2peTwHm3G9xaCgzovA8iCgNsNvu3R7FuTvMUwV,ticket#227
Boqbhx2peTwHm3G9xaCgzovA8iCgNsNvu3R7FuTvMUwV,ticket#228
Boqbhx2peTwHm3G9xaCgzovA8iCgNsNvu3R7FuTvMUwV,ticket#229
Boqbhx2peTwHm3G9xaCgzovA8iCgNsNvu3R7FuTvMUwV,ticket#230
Boqbhx2peTwHm3G9xaCgzovA8iCgNsNvu3R7FuTvMUwV,ticket#231
Boqbhx2peTwHm3G9xaCgzovA8iCgNsNvu3R7FuTvMUwV,ticket#232
Boqbhx2peTwHm3G9xaCgzovA8iCgNsNvu3R7FuTvMUwV,ticket#233
Boqbhx2peTwHm3G9xaCgzovA8iCgNsNvu3R7FuTvMUwV,ticket#234
Boqbhx2peTwHm3G9xaCgzovA8iCgNsNvu3R7FuTvMUwV,ticket#235
Boqbhx2peTwHm3G9xaCgzovA8iCgNsNvu3R7FuTvMUwV,ticket#236
Boqbhx2peTwHm3G9xaCgzovA8iCgNsNvu3R7FuTvMUwV,ticket#237
Boqbhx2peTwHm3G9xaCgzovA8iCgNsNvu3R7FuTvMUwV,ticket#238
BuxeaLAjgK7my4AiNaAECyQw2NBymzADnR13sMzf9oYs,ticket#239
BuxeaLAjgK7my4AiNaAECyQw2NBymzADnR13sMzf9oYs,ticket#240
BuxeaLAjgK7my4AiNaAECyQw2NBymzADnR13sMzf9oYs,ticket#241
C6sGSMxjabhjgpr4JL9rR9ngSncFzEwEMQ6vV8wmk5yu,ticket#242
CHjoPDBtVBgdCHADKRYV3GPZ5u1ZDJnnW1mD1q1beKGS,ticket#243
CHjoPDBtVBgdCHADKRYV3GPZ5u1ZDJnnW1mD1q1beKGS,ticket#244
CHjoPDBtVBgdCHADKRYV3GPZ5u1ZDJnnW1mD1q1beKGS,ticket#245
CHjoPDBtVBgdCHADKRYV3GPZ5u1ZDJnnW1mD1q1beKGS,ticket#246
CHjoPDBtVBgdCHADKRYV3GPZ5u1ZDJnnW1mD1q1beKGS,ticket#247
CHjoPDBtVBgdCHADKRYV3GPZ5u1ZDJnnW1mD1q1beKGS,ticket#248
CHjoPDBtVBgdCHADKRYV3GPZ5u1ZDJnnW1mD1q1beKGS,ticket#249
CHjoPDBtVBgdCHADKRYV3GPZ5u1ZDJnnW1mD1q1beKGS,ticket#250
CHjoPDBtVBgdCHADKRYV3GPZ5u1ZDJnnW1mD1q1beKGS,ticket#251
CQc8pqvh2RUy6FTy3pP7dMgR7o5Jy65KYVQUCrQ85HHR,ticket#252
CQc8pqvh2RUy6FTy3pP7dMgR7o5Jy65KYVQUCrQ85HHR,ticket#253
CQc8pqvh2RUy6FTy3pP7dMgR7o5Jy65KYVQUCrQ85HHR,ticket#254
CQc8pqvh2RUy6FTy3pP7dMgR7o5Jy65KYVQUCrQ85HHR,ticket#255
CQc8pqvh2RUy6FTy3pP7dMgR7o5Jy65KYVQUCrQ85HHR,ticket#256
CQc8pqvh2RUy6FTy3pP7dMgR7o5Jy65KYVQUCrQ85HHR,ticket#257
CQc8pqvh2RUy6FTy3pP7dMgR7o5Jy65KYVQUCrQ85HHR,ticket#258
CQc8pqvh2RUy6FTy3pP7dMgR7o5Jy65KYVQUCrQ85HHR,ticket#259
CQc8pqvh2RUy6FTy3pP7dMgR7o5Jy65KYVQUCrQ85HHR,ticket#260
CQc8pqvh2RUy6FTy3pP7dMgR7o5Jy65KYVQUCrQ85HHR,ticket#261
CQc8pqvh2RUy6FTy3pP7dMgR7o5Jy65KYVQUCrQ85HHR,ticket#262
CQc8pqvh2RUy6FTy3pP7dMgR7o5Jy65KYVQUCrQ85HHR,ticket#263
CcbaRNubgiMwAYjjUBzseuhkJRDFfM7uCbqk4QJKvw2D,ticket#264
CcbaRNubgiMwAYjjUBzseuhkJRDFfM7uCbqk4QJKvw2D,ticket#265
CcbaRNubgiMwAYjjUBzseuhkJRDFfM7uCbqk4QJKvw2D,ticket#266
CcbaRNubgiMwAYjjUBzseuhkJRDFfM7uCbqk4QJKvw2D,ticket#267
CcbaRNubgiMwAYjjUBzseuhkJRDFfM7uCbqk4QJKvw2D,ticket#268
CcbaRNubgiMwAYjjUBzseuhkJRDFfM7uCbqk4QJKvw2D,ticket#269
CcbaRNubgiMwAYjjUBzseuhkJRDFfM7uCbqk4QJKvw2D,ticket#270
CcbaRNubgiMwAYjjUBzseuhkJRDFfM7uCbqk4QJKvw2D,ticket#271
CcbaRNubgiMwAYjjUBzseuhkJRDFfM7uCbqk4QJKvw2D,ticket#272
ChXNFhuChyNWRd6A57PBF9oEG72MUWgEWwNCAzMfZs8B,ticket#273
ChXNFhuChyNWRd6A57PBF9oEG72MUWgEWwNCAzMfZs8B,ticket#274
ChXNFhuChyNWRd6A57PBF9oEG72MUWgEWwNCAzMfZs8B,ticket#275
ChXNFhuChyNWRd6A57PBF9oEG72MUWgEWwNCAzMfZs8B,ticket#276
ChXNFhuChyNWRd6A57PBF9oEG72MUWgEWwNCAzMfZs8B,ticket#277
ChXNFhuChyNWRd6A57PBF9oEG72MUWgEWwNCAzMfZs8B,ticket#278
ChXNFhuChyNWRd6A57PBF9oEG72MUWgEWwNCAzMfZs8B,ticket#279
D1edWTy6HpzjG5Potu6yKo5HUoJtwCYC9tQvovaWGp3d,ticket#280
D1edWTy6HpzjG5Potu6yKo5HUoJtwCYC9tQvovaWGp3d,ticket#281
D1edWTy6HpzjG5Potu6yKo5HUoJtwCYC9tQvovaWGp3d,ticket#282
D1edWTy6HpzjG5Potu6yKo5HUoJtwCYC9tQvovaWGp3d,ticket#283
D67xZzBoqCCNySov2zRWfkGWqerTfWEfhw4Cqwh83fki,ticket#284
DFi6xytTWN1z1CoVXknGx5JaxjyNR2TGvh9irB5CP8L6,ticket#285
DFi6xytTWN1z1CoVXknGx5JaxjyNR2TGvh9irB5CP8L6,ticket#286
DLmB4xWKUGXJu8NkQkXU4AcA8Dzfowtud2sn81HvMGnE,ticket#287
DSMkxar6m1wAGACJJeJHRmu4uyMwaqn6iJ2XP6jLAJa9,ticket#288
DSMkxar6m1wAGACJJeJHRmu4uyMwaqn6iJ2XP6jLAJa9,ticket#289
DSMkxar6m1wAGACJJeJHRmu4uyMwaqn6iJ2XP6jLAJa9,ticket#290
DaB4Bwgun5p47cEXwBRXHPc7AMPsF7fkNW8F5JkAAbWV,ticket#291
DpK4PJ5w9qZj5swTQExdg8eU2Ga8gQX4jYd3QxY8s6F5,ticket#292
DpK4PJ5w9qZj5swTQExdg8eU2Ga8gQX4jYd3QxY8s6F5,ticket#293
DpK4PJ5w9qZj5swTQExdg8eU2Ga8gQX4jYd3QxY8s6F5,ticket#294
DpK4PJ5w9qZj5swTQExdg8eU2Ga8gQX4jYd3QxY8s6F5,ticket#295
DpK4PJ5w9qZj5swTQExdg8eU2Ga8gQX4jYd3QxY8s6F5,ticket#296
DpK4PJ5w9qZj5swTQExdg8eU2Ga8gQX4jYd3QxY8s6F5,ticket#297
DpK4PJ5w9qZj5swTQExdg8eU2Ga8gQX4jYd3QxY8s6F5,ticket#298
DpK4PJ5w9qZj5swTQExdg8eU2Ga8gQX4jYd3QxY8s6F5,ticket#299
DpK4PJ5w9qZj5swTQExdg8eU2Ga8gQX4jYd3QxY8s6F5,ticket#300
DpK4PJ5w9qZj5swTQExdg8eU2Ga8gQX4jYd3QxY8s6F5,ticket#301
DpK4PJ5w9qZj5swTQExdg8eU2Ga8gQX4jYd3QxY8s6F5,ticket#302
DpK4PJ5w9qZj5swTQExdg8eU2Ga8gQX4jYd3QxY8s6F5,ticket#303
DpK4PJ5w9qZj5swTQExdg8eU2Ga8gQX4jYd3QxY8s6F5,ticket#304
DpK4PJ5w9qZj5swTQExdg8eU2Ga8gQX4jYd3QxY8s6F5,ticket#305
DpK4PJ5w9qZj5swTQExdg8eU2Ga8gQX4jYd3QxY8s6F5,ticket#306
DpK4PJ5w9qZj5swTQExdg8eU2Ga8gQX4jYd3QxY8s6F5,ticket#307
DpK4PJ5w9qZj5swTQExdg8eU2Ga8gQX4jYd3QxY8s6F5,ticket#308
DpK4PJ5w9qZj5swTQExdg8eU2Ga8gQX4jYd3QxY8s6F5,ticket#309
E3C1JyBD4Sin5yUqLJQXAKvWTXULPBFtbmoKggBxPQEo,ticket#310
E3C1JyBD4Sin5yUqLJQXAKvWTXULPBFtbmoKggBxPQEo,ticket#311
E3C1JyBD4Sin5yUqLJQXAKvWTXULPBFtbmoKggBxPQEo,ticket#312
ECdzsiriDQ9JsfemkosufzaPg7sTChMid7WtRqrFGHSC,ticket#313
EPmiVZBDmNEa2F889jXczeAUCXaL4sYHVq4DKqBbHH1k,ticket#314
ESUyTdWQfAVyMU99hhtxkgGoYN88iKyyALhiynEymptf,ticket#315
ESUyTdWQfAVyMU99hhtxkgGoYN88iKyyALhiynEymptf,ticket#316
ESUyTdWQfAVyMU99hhtxkgGoYN88iKyyALhiynEymptf,ticket#317
EeLc3qQBvgNz9dCd8WoH9afwGghaJ3JyyxxkaB9RMmeg,ticket#318
EeLc3qQBvgNz9dCd8WoH9afwGghaJ3JyyxxkaB9RMmeg,ticket#319
EeLc3qQBvgNz9dCd8WoH9afwGghaJ3JyyxxkaB9RMmeg,ticket#320
EeLc3qQBvgNz9dCd8WoH9afwGghaJ3JyyxxkaB9RMmeg,ticket#321
EeLc3qQBvgNz9dCd8WoH9afwGghaJ3JyyxxkaB9RMmeg,ticket#322
EeLc3qQBvgNz9dCd8WoH9afwGghaJ3JyyxxkaB9RMmeg,ticket#323
EeLc3qQBvgNz9dCd8WoH9afwGghaJ3JyyxxkaB9RMmeg,ticket#324
EeLc3qQBvgNz9dCd8WoH9afwGghaJ3JyyxxkaB9RMmeg,ticket#325
EeLc3qQBvgNz9dCd8WoH9afwGghaJ3JyyxxkaB9RMmeg,ticket#326
EeLc3qQBvgNz9dCd8WoH9afwGghaJ3JyyxxkaB9RMmeg,ticket#327
EeLc3qQBvgNz9dCd8WoH9afwGghaJ3JyyxxkaB9RMmeg,ticket#328
EeLc3qQBvgNz9dCd8WoH9afwGghaJ3JyyxxkaB9RMmeg,ticket#329
EeLc3qQBvgNz9dCd8WoH9afwGghaJ3JyyxxkaB9RMmeg,ticket#330
EeLc3qQBvgNz9dCd8WoH9afwGghaJ3JyyxxkaB9RMmeg,ticket#331
EfU6SDj87objYcEqSrPNKUczJBpDMBzq5jUFEtShvZbM,ticket#332
EfU6SDj87objYcEqSrPNKUczJBpDMBzq5jUFEtShvZbM,ticket#333
EkTZ4CkvhrrMVan9qEcW5c71E3W1VXWdnbtptsqYhb6h,ticket#334
EkTZ4CkvhrrMVan9qEcW5c71E3W1VXWdnbtptsqYhb6h,ticket#335
EkTZ4CkvhrrMVan9qEcW5c71E3W1VXWdnbtptsqYhb6h,ticket#336
EkTZ4CkvhrrMVan9qEcW5c71E3W1VXWdnbtptsqYhb6h,ticket#337
EkTZ4CkvhrrMVan9qEcW5c71E3W1VXWdnbtptsqYhb6h,ticket#338
EkTZ4CkvhrrMVan9qEcW5c71E3W1VXWdnbtptsqYhb6h,ticket#339
EkTZ4CkvhrrMVan9qEcW5c71E3W1VXWdnbtptsqYhb6h,ticket#340
EkTZ4CkvhrrMVan9qEcW5c71E3W1VXWdnbtptsqYhb6h,ticket#341
EkTZ4CkvhrrMVan9qEcW5c71E3W1VXWdnbtptsqYhb6h,ticket#342
ExZCH3qfaEHV9nzxpef1BQ1F46ePKQwZ9hSWGXU9u7AG,ticket#343
EyfqLhH5RHWASqfDojsVdAZC1xhpvM4zJvTqotf12GdT,ticket#344
Eyj9m8WG9R26zVE7icvcNohLp1XnK68S7SpgtVSMYC3d,ticket#345
Eyj9m8WG9R26zVE7icvcNohLp1XnK68S7SpgtVSMYC3d,ticket#346
Eyj9m8WG9R26zVE7icvcNohLp1XnK68S7SpgtVSMYC3d,ticket#347
Eyj9m8WG9R26zVE7icvcNohLp1XnK68S7SpgtVSMYC3d,ticket#348
Eyj9m8WG9R26zVE7icvcNohLp1XnK68S7SpgtVSMYC3d,ticket#349
Eyj9m8WG9R26zVE7icvcNohLp1XnK68S7SpgtVSMYC3d,ticket#350
Eyj9m8WG9R26zVE7icvcNohLp1XnK68S7SpgtVSMYC3d,ticket#351
Eyj9m8WG9R26zVE7icvcNohLp1XnK68S7SpgtVSMYC3d,ticket#352
Eyj9m8WG9R26zVE7icvcNohLp1XnK68S7SpgtVSMYC3d,ticket#353
EyuPuUa3T5vA1ryGLBikJRaVrH7m78DConSBJLqCs1yx,ticket#354
EyuPuUa3T5vA1ryGLBikJRaVrH7m78DConSBJLqCs1yx,ticket#355
EyuPuUa3T5vA1ryGLBikJRaVrH7m78DConSBJLqCs1yx,ticket#356
EyuPuUa3T5vA1ryGLBikJRaVrH7m78DConSBJLqCs1yx,ticket#357
EyuPuUa3T5vA1ryGLBikJRaVrH7m78DConSBJLqCs1yx,ticket#358
EyuPuUa3T5vA1ryGLBikJRaVrH7m78DConSBJLqCs1yx,ticket#359
EyuPuUa3T5vA1ryGLBikJRaVrH7m78DConSBJLqCs1yx,ticket#360
EyuPuUa3T5vA1ryGLBikJRaVrH7m78DConSBJLqCs1yx,ticket#361
EyuPuUa3T5vA1ryGLBikJRaVrH7m78DConSBJLqCs1yx,ticket#362
F1Hwjqjht3iYjC873FZ1XmgoVcuxGgGJycbm3TPrFrsV,ticket#363
F1Hwjqjht3iYjC873FZ1XmgoVcuxGgGJycbm3TPrFrsV,ticket#364
F1Hwjqjht3iYjC873FZ1XmgoVcuxGgGJycbm3TPrFrsV,ticket#365
FSdEYSTYuwPnwGtWCLpp4fbaHJjvmb8RfSQyreZKqqUP,ticket#366
GJ196VeTyCNBmMUG3MfZuLUBQqWjYhRvyE1oRgasp5ZN,ticket#367
GJ196VeTyCNBmMUG3MfZuLUBQqWjYhRvyE1oRgasp5ZN,ticket#368
GKkDsUusCie1u5xnbwwTidN2f3K4WarXuxF24D2NwtBK,ticket#369
GdqYsSEETk2h4FU7FzsFPWAfRvKAA4NWkUETmVYgmqoJ,ticket#370
GgRfmWgLy1niVwdZBxiq2TBKmCtZ8wVJMJzydCBvcAKv,ticket#371
GgRfmWgLy1niVwdZBxiq2TBKmCtZ8wVJMJzydCBvcAKv,ticket#372
GoWFf4jdDiLagrAfKwdw8D2autnioDGHrCv9px81g13t,ticket#373
GoWFf4jdDiLagrAfKwdw8D2autnioDGHrCv9px81g13t,ticket#374
GokAXVEqJaRzZT27L4fpHsRhRU1tLCDN25L6AbjjCN8L,ticket#375
GokAXVEqJaRzZT27L4fpHsRhRU1tLCDN25L6AbjjCN8L,ticket#376
GokAXVEqJaRzZT27L4fpHsRhRU1tLCDN25L6AbjjCN8L,ticket#377
GokAXVEqJaRzZT27L4fpHsRhRU1tLCDN25L6AbjjCN8L,ticket#378
GokAXVEqJaRzZT27L4fpHsRhRU1tLCDN25L6AbjjCN8L,ticket#379
GokAXVEqJaRzZT27L4fpHsRhRU1tLCDN25L6AbjjCN8L,ticket#380
GokAXVEqJaRzZT27L4fpHsRhRU1tLCDN25L6AbjjCN8L,ticket#381
GokAXVEqJaRzZT27L4fpHsRhRU1tLCDN25L6AbjjCN8L,ticket#382
J9Y3GkQEmawREEaPNnW5jGypRcMZkkV85xZ8oDbxLaTf,ticket#383
J9Y3GkQEmawREEaPNnW5jGypRcMZkkV85xZ8oDbxLaTf,ticket#384
J9Y3GkQEmawREEaPNnW5jGypRcMZkkV85xZ8oDbxLaTf,ticket#385
J9Y3GkQEmawREEaPNnW5jGypRcMZkkV85xZ8oDbxLaTf,ticket#386
J9Y3GkQEmawREEaPNnW5jGypRcMZkkV85xZ8oDbxLaTf,ticket#387
J9Y3GkQEmawREEaPNnW5jGypRcMZkkV85xZ8oDbxLaTf,ticket#388
J9Y3GkQEmawREEaPNnW5jGypRcMZkkV85xZ8oDbxLaTf,ticket#389
J9Y3GkQEmawREEaPNnW5jGypRcMZkkV85xZ8oDbxLaTf,ticket#390
J9Y3GkQEmawREEaPNnW5jGypRcMZkkV85xZ8oDbxLaTf,ticket#391
J9Y3GkQEmawREEaPNnW5jGypRcMZkkV85xZ8oDbxLaTf,ticket#392
J9Y3GkQEmawREEaPNnW5jGypRcMZkkV85xZ8oDbxLaTf,ticket#393
J9Y3GkQEmawREEaPNnW5jGypRcMZkkV85xZ8oDbxLaTf,ticket#394
J9Y3GkQEmawREEaPNnW5jGypRcMZkkV85xZ8oDbxLaTf,ticket#395
J9Y3GkQEmawREEaPNnW5jGypRcMZkkV85xZ8oDbxLaTf,ticket#396
J9Y3GkQEmawREEaPNnW5jGypRcMZkkV85xZ8oDbxLaTf,ticket#397
J9Y3GkQEmawREEaPNnW5jGypRcMZkkV85xZ8oDbxLaTf,ticket#398
J9Y3GkQEmawREEaPNnW5jGypRcMZkkV85xZ8oDbxLaTf,ticket#399
J9Y3GkQEmawREEaPNnW5jGypRcMZkkV85xZ8oDbxLaTf,ticket#400
J9Y3GkQEmawREEaPNnW5jGypRcMZkkV85xZ8oDbxLaTf,ticket#401
J9Y3GkQEmawREEaPNnW5jGypRcMZkkV85xZ8oDbxLaTf,ticket#402
J9Y3GkQEmawREEaPNnW5jGypRcMZkkV85xZ8oDbxLaTf,ticket#403
J9Y3GkQEmawREEaPNnW5jGypRcMZkkV85xZ8oDbxLaTf,ticket#404
J9Y3GkQEmawREEaPNnW5jGypRcMZkkV85xZ8oDbxLaTf,ticket#405
JD3xgSUHFucWPNjcBigBS3KDmYqNR55ynDNn5X8Sx4iP,ticket#406
JD3xgSUHFucWPNjcBigBS3KDmYqNR55ynDNn5X8Sx4iP,ticket#407
JD3xgSUHFucWPNjcBigBS3KDmYqNR55ynDNn5X8Sx4iP,ticket#408
JD3xgSUHFucWPNjcBigBS3KDmYqNR55ynDNn5X8Sx4iP,ticket#409
JD3xgSUHFucWPNjcBigBS3KDmYqNR55ynDNn5X8Sx4iP,ticket#410
JD3xgSUHFucWPNjcBigBS3KDmYqNR55ynDNn5X8Sx4iP,ticket#411
JD3xgSUHFucWPNjcBigBS3KDmYqNR55ynDNn5X8Sx4iP,ticket#412
JD3xgSUHFucWPNjcBigBS3KDmYqNR55ynDNn5X8Sx4iP,ticket#413
JD3xgSUHFucWPNjcBigBS3KDmYqNR55ynDNn5X8Sx4iP,ticket#414
JD3xgSUHFucWPNjcBigBS3KDmYqNR55ynDNn5X8Sx4iP,ticket#415
JD3xgSUHFucWPNjcBigBS3KDmYqNR55ynDNn5X8Sx4iP,ticket#416
RCXtWdNWQnHwBubsuEGh9w4ZsmWqa4XUPyZVuEZYKhh,ticket#417
YZJ4nCdAum44Th2GPreCiZLaFKYkQtz6Hwvig5Eiq9p,ticket#418
YZJ4nCdAum44Th2GPreCiZLaFKYkQtz6Hwvig5Eiq9p,ticket#419
YZJ4nCdAum44Th2GPreCiZLaFKYkQtz6Hwvig5Eiq9p,ticket#420
YZJ4nCdAum44Th2GPreCiZLaFKYkQtz6Hwvig5Eiq9p,ticket#421
